{"nrClass":7,"l":14,"supportVectors":[[[1.2104363464558148,-0.26100735061346353],[6257.82021633808,35722.398097847574,1565.0388059702295,635.4010094000594,467.46213429923426,2575.0307515905415]],[[-0.3235353688790537,0.852863037603899],[0,92529.60950908739,0,0,0,13149.221052839066]],[[3.3118026730021812,-1.9422723187422826],[0,0,0,355.0612741296791,0,0]],[[-0.7436366959964145,0.4327617104864985],[0,6257.82021633808,533.3211265814602,1565.0388059701493,2671.5312101913028,1155.614822978385]],[[1.2313554045651176,0.13817494969458377],[-6257.82021633808,0,0,0,0,0]],[[-0.7227176112629039,0.8319439528703505],[0,-6257.82021633808,388.77545534596135,296878.0306727728,1553.589776831322,1565.0388059702923]],[[-0.8273130333718637,-1.1639672293075158],[0,0,0,445497.40933272586,0,0]],[[0.0547278028626863,0.47459986586219477],[-128252.00760693496,0,0,0,0,0]],[[0.4120718898709157,-0.30284554826336146],[-1565.0388059702295,-533.3211265814602,-388.77545534596135,375.909479957869,1553.589776831322,668.2286214999614]],[[1.3368107274460552,-1.6476857129557738],[-990.4622835297384,0,0,-375.909479957869,115.23760019531235,8413.612995029387]],[[-0.7854748670220288,-0.36560280402260015],[0,-1565.0388059701493,-742375.4400054987,0,1221.1260758262397,0]],[[-0.15532286069599407,0.2645492023034945],[-467.46213429923426,-2671.5312101913028,-1553.589776831322,-1553.589776831322,-1336.363676021552,2356.0196601603598]],[[0.07564687350479643,0.8737821223374473],[-15724.251804429608,-1155.614822978385,-1565.0388059702923,-668.2286214999614,-568.4745194913859,-2356.0196601603598]],[[1.7359927866416984,-1.6267664450340187],[0,0,0,0,-7845.138475538002,0]]],"nbSupportVectors":[3,2,3,1,2,1,2],"labels":[4,6,0,7,1,2,5],"rho":[0,-92.45396310124369,0,-1.643700689582107,0,-7.724685829686072,0,0,0,0,0,0,-710.2454874591368,0,0,0,0,0,-0.6453826972455368,4.754157238053952,0],"params":{"svmType":1,"kernelType":2,"degree":[],"gamma":0.001,"r":[],"c":[],"nu":0.01,"epsilon":[],"kFold":4,"normalize":true,"reduce":true,"retainedVariance":0.99,"eps":0.001,"cacheSize":200,"shrinking":true,"probability":false,"color":true,"interactive":true,"cwd":"/Users/yli/Documents/code/Hackathon/vidback/machine_learning","pathToModel":"emotion_classifier.json","mu":[-0.025999999567866326,0.41100000247359275],"sigma":[0.3366363046626067,0.3738702950166411],"u":[[0.707106781186514,0.7071067811865811],[0.7071067811865811,-0.707106781186514]]}}